TaskID,StartTime,TaskFileSize,TaskOutputFileSize,TaskFileLength,UserLatitude,UserLongitude,DistanceFromDataCenter,DataCenterCpuCost,DataCenterRamCost,DataCenterStorageCost,DataCenterBwCost,DataCenterTotalLoad,NetworkDelay,CET,ObjectiveFunction,DataCenterID
2,0.1,61,12,11,-35.810176905103994,127.5645930486985,12641.0,20.0,4.0,10.0,2.0,91.0,0.14,486.0,258.14,4
3,0.1,63,14,42,-15.896589435749917,142.03720067406437,7923.0,24.0,1.0,1.0,6.0,42.0,1.24,455.0,211.77,5
1,0.1,95,15,47,-40.45158131089743,112.34353516187099,13750.0,20.0,6.0,7.0,3.0,47.0,2.94,960.0,417.78,3
4,0.1,82,16,80,-33.32053803858938,-98.01751533899017,13650.0,20.0,4.0,10.0,2.0,91.0,1.14,652.0,324.84,4
