TaskID,TaskFileSize,TaskOutputFileSize,TaskFileLength,UserLatitude,UserLongitude,taskStatus
1,14,17,57,-51.7977131868794,62.67510271730731,null
2,25,10,74,30.13645771990224,58.65227780588975,null
3,100,10,77,-58.768438197202094,-108.80464422439464,null
