TaskID,TaskFileSize,TaskOutputFileSize,TaskFileLength,DistanceFromDataCenter,DataCenterCpuCost,DataCenterRamCost,DataCenterStorageCost,DataCenterBwCost,DataCenterTotalLoad,NetworkDelay,CET,ObjectiveFunction,DataCenterID
3,97,92,32,14052.0,1.0,0.2,0.1,0.3,0.1,0.5517241379310345,1363107.1043381535,545243.0372525027,3
1,42,88,32,5550.0,1.0,0.2,0.1,0.3,0.1,0.5333333333333333,233131.43903225806,93252.76561290323,3
6,46,99,74,13268.0,1.0,0.2,0.1,0.3,0.1,1.2758620689655173,610397.4761067854,244159.40320133485,3
2,46,45,98,9764.0,1.0,0.2,0.1,0.3,0.1,3.161290322580645,449294.9883870968,179718.9737419355,3
4,73,25,79,482.0,1.0,0.2,0.1,0.3,0.1,1.3166666666666667,35285.05987781037,14114.448951124148,3
5,91,47,74,15274.0,1.0,0.2,0.1,0.3,0.1,2.3870967741935485,1390156.5736839045,556063.3756025941,3
7,22,46,69,12107.0,1.0,0.2,0.1,0.3,0.1,1.15,266384.2864387264,106554.08957549057,3
8,76,17,77,1547.0,1.0,0.2,0.1,0.3,0.1,2.4838709677419355,117763.15015470177,47106.035223171035,3
